{"cameraMode":{"drawMode":0,"name":"Shaded","section":"Shading Mode"},"sceneLighting":false,"audioPlay":false,"sceneViewState":{"m_AlwaysRefresh":true,"showFog":true,"showSkybox":false,"showFlares":true,"showImageEffects":true,"showParticleSystems":true,"showVisualEffectGraphs":true,"m_FxEnabled":true},"in2DMode":false,"pivot":{"x":5.960464477539063e-8,"y":0.09358322620391846,"z":-0.02348819002509117},"rotation":{"x":-0.03069894388318062,"y":-0.9686102867126465,"z":0.1922154575586319,"w":-0.15471407771110536},"size":0.19430212676525117,"orthographic":false}