{"cameraMode":{"drawMode":0,"name":"Shaded","section":"Shading Mode"},"sceneLighting":false,"audioPlay":false,"sceneViewState":{"m_AlwaysRefresh":true,"showFog":true,"showSkybox":false,"showFlares":true,"showImageEffects":true,"showParticleSystems":true,"showVisualEffectGraphs":true,"m_FxEnabled":true},"in2DMode":false,"pivot":{"x":-0.05154399573802948,"y":0.4531867206096649,"z":0.7048578262329102},"rotation":{"x":0.4268520176410675,"y":0.14223869144916535,"z":-0.06818397343158722,"w":0.8904615640640259},"size":0.8690561652183533,"orthographic":true}