{"cameraMode":{"drawMode":0,"name":"Shaded","section":"Shading Mode"},"sceneLighting":false,"audioPlay":false,"sceneViewState":{"m_AlwaysRefresh":false,"showFog":false,"showSkybox":false,"showFlares":false,"showImageEffects":false,"showParticleSystems":false,"showVisualEffectGraphs":true,"m_FxEnabled":true},"in2DMode":false,"pivot":{"x":-4.172325134277344e-7,"y":0.8799659013748169,"z":-0.03172171115875244},"rotation":{"x":-0.036571383476257327,"y":-0.9438327550888062,"z":0.11179593205451966,"w":-0.30880647897720339},"size":1.4585763216018677,"orthographic":true}