{"cameraMode":{"drawMode":0,"name":"Shaded","section":"Shading Mode"},"sceneLighting":false,"audioPlay":false,"sceneViewState":{"m_AlwaysRefresh":true,"showFog":true,"showSkybox":true,"showFlares":true,"showImageEffects":true,"showParticleSystems":true,"showVisualEffectGraphs":true,"m_FxEnabled":true},"in2DMode":false,"pivot":{"x":0.027966022491455079,"y":0.6908900737762451,"z":-1.1084210872650147},"rotation":{"x":0.13536235690116883,"y":0.4300261437892914,"z":-0.06538625061511994,"w":0.890222430229187},"size":2.6928176879882814,"orthographic":true}