{"cameraMode":{"drawMode":0,"name":"Shaded","section":"Shading Mode"},"sceneLighting":false,"audioPlay":false,"sceneViewState":{"m_AlwaysRefresh":true,"showFog":true,"showSkybox":true,"showFlares":true,"showImageEffects":true,"showParticleSystems":true,"showVisualEffectGraphs":true,"m_FxEnabled":true},"in2DMode":false,"pivot":{"x":0.5356557369232178,"y":0.8628708124160767,"z":-0.4093441963195801},"rotation":{"x":0.32726290822029116,"y":-0.4027935564517975,"z":0.1568828523159027,"w":0.840277373790741},"size":1.6558575630187989,"orthographic":true}