{"cameraMode":{"drawMode":0,"name":"Shaded","section":"Shading Mode"},"sceneLighting":false,"audioPlay":false,"sceneViewState":{"m_AlwaysRefresh":true,"showFog":true,"showSkybox":true,"showFlares":true,"showImageEffects":true,"showParticleSystems":true,"showVisualEffectGraphs":true,"m_FxEnabled":true},"in2DMode":false,"pivot":{"x":9.478239059448243,"y":1.4023631811141968,"z":17.571256637573243},"rotation":{"x":-0.35270699858665469,"y":-0.1778121441602707,"z":0.06845685094594956,"w":-0.916146457195282},"size":0.29373085498809817,"orthographic":true}