{"cameraMode":{"drawMode":0,"name":"Shaded","section":"Shading Mode"},"sceneLighting":false,"audioPlay":false,"sceneViewState":{"m_AlwaysRefresh":true,"showFog":true,"showSkybox":true,"showFlares":true,"showImageEffects":true,"showParticleSystems":true,"showVisualEffectGraphs":true,"m_FxEnabled":true},"in2DMode":false,"pivot":{"x":-6.525000095367432,"y":1.1779999732971192,"z":-28.200000762939454},"rotation":{"x":0.015037613920867443,"y":0.9520947337150574,"z":-0.30172938108444216,"w":0.04745003953576088},"size":1.2196375131607056,"orthographic":true}