{"cameraMode":{"drawMode":0,"name":"Shaded","section":"Shading Mode"},"sceneLighting":false,"audioPlay":false,"sceneViewState":{"m_AlwaysRefresh":true,"showFog":true,"showSkybox":true,"showFlares":true,"showImageEffects":true,"showParticleSystems":true,"showVisualEffectGraphs":true,"m_FxEnabled":true},"in2DMode":false,"pivot":{"x":9.51589584350586,"y":1.807826042175293,"z":17.433687210083009},"rotation":{"x":0.18642325699329377,"y":0.15403097867965699,"z":-0.029607627540826799,"w":0.9698740243911743},"size":3.1503729820251467,"orthographic":true}