{"cameraMode":{"drawMode":0,"name":"Shaded","section":"Shading Mode"},"sceneLighting":true,"audioPlay":false,"sceneViewState":{"m_AlwaysRefresh":true,"showFog":true,"showSkybox":true,"showFlares":true,"showImageEffects":true,"showParticleSystems":true,"showVisualEffectGraphs":true,"m_FxEnabled":true},"in2DMode":false,"pivot":{"x":6.2388763427734379,"y":-12.161751747131348,"z":42.54237747192383},"rotation":{"x":0.20970354974269868,"y":-0.42637014389038088,"z":0.1023087427020073,"w":0.8739386796951294},"size":55.52128219604492,"orthographic":true}