{"cameraMode":{"drawMode":0,"name":"Shaded","section":"Shading Mode"},"sceneLighting":false,"audioPlay":false,"sceneViewState":{"m_AlwaysRefresh":true,"showFog":true,"showSkybox":true,"showFlares":true,"showImageEffects":true,"showParticleSystems":true,"showVisualEffectGraphs":true,"m_FxEnabled":true},"in2DMode":false,"pivot":{"x":-11.507828712463379,"y":1.1665818691253663,"z":1.498532772064209},"rotation":{"x":-0.016722427681088449,"y":0.9832538366317749,"z":-0.13204985857009889,"w":-0.12455051392316818},"size":0.6499878168106079,"orthographic":true}