{"cameraMode":{"drawMode":0,"name":"Shaded","section":"Shading Mode"},"sceneLighting":false,"audioPlay":false,"sceneViewState":{"m_AlwaysRefresh":true,"showFog":true,"showSkybox":true,"showFlares":true,"showImageEffects":true,"showParticleSystems":true,"showVisualEffectGraphs":true,"m_FxEnabled":true},"in2DMode":false,"pivot":{"x":0.028141021728515626,"y":-9.515266418457032,"z":-12.359156608581543},"rotation":{"x":0.329224556684494,"y":0.22501645982265473,"z":-0.08106252551078797,"w":0.9135078191757202},"size":9.618402481079102,"orthographic":true}