{"cameraMode":{"drawMode":0,"name":"Shaded","section":"Shading Mode"},"sceneLighting":false,"audioPlay":false,"sceneViewState":{"m_AlwaysRefresh":true,"showFog":true,"showSkybox":true,"showFlares":true,"showImageEffects":true,"showParticleSystems":true,"showVisualEffectGraphs":true,"m_FxEnabled":true},"in2DMode":false,"pivot":{"x":-11.22038459777832,"y":1.9273812770843506,"z":2.5315728187561037},"rotation":{"x":-0.000011249891940678935,"y":0.9999707341194153,"z":-0.007499921601265669,"w":-0.0014999572886154056},"size":0.8316774368286133,"orthographic":true}