{"cameraMode":{"drawMode":0,"name":"Shaded","section":"Shading Mode"},"sceneLighting":true,"audioPlay":false,"sceneViewState":{"m_AlwaysRefresh":true,"showFog":true,"showSkybox":true,"showFlares":true,"showImageEffects":true,"showParticleSystems":true,"showVisualEffectGraphs":true,"m_FxEnabled":true},"in2DMode":false,"pivot":{"x":4.9483137130737309,"y":1.9434088468551636,"z":4.048476696014404},"rotation":{"x":0.40456461906433108,"y":-0.19375893473625184,"z":0.0881318747997284,"w":0.8894011378288269},"size":1.979318380355835,"orthographic":false}