{"cameraMode":{"drawMode":0,"name":"Shaded","section":"Shading Mode"},"sceneLighting":false,"audioPlay":false,"sceneViewState":{"m_AlwaysRefresh":true,"showFog":true,"showSkybox":true,"showFlares":true,"showImageEffects":true,"showParticleSystems":true,"showVisualEffectGraphs":true,"m_FxEnabled":true},"in2DMode":false,"pivot":{"x":0.08564043045043946,"y":0.6610000133514404,"z":-1.4714813232421876},"rotation":{"x":0.1296078860759735,"y":0.8073883056640625,"z":-0.1928645521402359,"w":0.5424338579177856},"size":7.324094772338867,"orthographic":true}