{"cameraMode":{"drawMode":0,"name":"Shaded","section":"Shading Mode"},"sceneLighting":false,"audioPlay":false,"sceneViewState":{"m_AlwaysRefresh":true,"showFog":true,"showSkybox":true,"showFlares":true,"showImageEffects":true,"showParticleSystems":true,"showVisualEffectGraphs":true,"m_FxEnabled":true},"in2DMode":false,"pivot":{"x":-5.093631744384766,"y":0.4921569228172302,"z":-23.70916748046875},"rotation":{"x":0.12814539670944215,"y":0.7605111598968506,"z":-0.15804392099380494,"w":0.6166279315948486},"size":0.028682421892881395,"orthographic":false}