{"cameraMode":{"drawMode":0,"name":"Shaded","section":"Shading Mode"},"sceneLighting":true,"audioPlay":false,"sceneViewState":{"m_AlwaysRefresh":true,"showFog":true,"showSkybox":true,"showFlares":true,"showImageEffects":true,"showParticleSystems":true,"showVisualEffectGraphs":true,"m_FxEnabled":true},"in2DMode":false,"pivot":{"x":-0.08000004291534424,"y":2.119999885559082,"z":2.8889999389648439},"rotation":{"x":0.032407913357019427,"y":0.29248547554016116,"z":-0.009917931631207466,"w":0.9556715488433838},"size":6.243095397949219,"orthographic":true}