{"cameraMode":{"drawMode":0,"name":"Shaded","section":"Shading Mode"},"sceneLighting":false,"audioPlay":false,"sceneViewState":{"m_AlwaysRefresh":true,"showFog":true,"showSkybox":true,"showFlares":true,"showImageEffects":true,"showParticleSystems":true,"showVisualEffectGraphs":true,"m_FxEnabled":true},"in2DMode":false,"pivot":{"x":-0.9430893063545227,"y":0.5912208557128906,"z":-1.4740320444107056},"rotation":{"x":0.13086111843585969,"y":0.5867788195610046,"z":-0.09680215269327164,"w":0.7932301759719849},"size":1.2226316928863526,"orthographic":true}