{"cameraMode":{"drawMode":0,"name":"Shaded","section":"Shading Mode"},"sceneLighting":true,"audioPlay":false,"sceneViewState":{"m_AlwaysRefresh":true,"showFog":true,"showSkybox":true,"showFlares":true,"showImageEffects":true,"showParticleSystems":true,"showVisualEffectGraphs":true,"m_FxEnabled":true},"in2DMode":false,"pivot":{"x":-0.010464861057698727,"y":0.05690157413482666,"z":11.027800559997559},"rotation":{"x":0.2434425950050354,"y":-0.1505766361951828,"z":0.03828808665275574,"w":0.9573912024497986},"size":8.744009971618653,"orthographic":true}