{"cameraMode":{"drawMode":0,"name":"Shaded","section":"Shading Mode"},"sceneLighting":false,"audioPlay":false,"sceneViewState":{"m_AlwaysRefresh":true,"showFog":true,"showSkybox":true,"showFlares":true,"showImageEffects":true,"showParticleSystems":true,"showVisualEffectGraphs":true,"m_FxEnabled":true},"in2DMode":false,"pivot":{"x":-0.5680028796195984,"y":0.6007438898086548,"z":-0.8463630676269531},"rotation":{"x":0.08915089070796967,"y":0.05375928431749344,"z":-0.004813601728528738,"w":0.9945634007453919},"size":1.1953901052474976,"orthographic":true}