{"cameraMode":{"drawMode":0,"name":"Shaded","section":"Shading Mode"},"sceneLighting":false,"audioPlay":false,"sceneViewState":{"m_AlwaysRefresh":true,"showFog":true,"showSkybox":true,"showFlares":true,"showImageEffects":true,"showParticleSystems":true,"showVisualEffectGraphs":true,"m_FxEnabled":true},"in2DMode":false,"pivot":{"x":-3.8444156646728517,"y":-11.797043800354004,"z":-22.579261779785158},"rotation":{"x":0.07253339886665344,"y":0.5560970306396484,"z":-0.048747289925813678,"w":0.8265728950500488},"size":1.309861183166504,"orthographic":true}