{"cameraMode":{"drawMode":0,"name":"Shaded","section":"Shading Mode"},"sceneLighting":false,"audioPlay":false,"sceneViewState":{"m_AlwaysRefresh":true,"showFog":true,"showSkybox":true,"showFlares":true,"showImageEffects":true,"showParticleSystems":true,"showVisualEffectGraphs":true,"m_FxEnabled":true},"in2DMode":false,"pivot":{"x":0.6900137662887573,"y":2.202119827270508,"z":0.4286920428276062},"rotation":{"x":0.23112283647060395,"y":0.4225373864173889,"z":-0.1123567745089531,"w":0.8691654205322266},"size":1.8316181898117066,"orthographic":true}