{"cameraMode":{"drawMode":0,"name":"Shaded","section":"Shading Mode"},"sceneLighting":false,"audioPlay":false,"sceneViewState":{"m_AlwaysRefresh":true,"showFog":true,"showSkybox":true,"showFlares":true,"showImageEffects":true,"showParticleSystems":true,"showVisualEffectGraphs":true,"m_FxEnabled":true},"in2DMode":false,"pivot":{"x":0.40787649154663088,"y":0.6976871490478516,"z":-6.1088995933532719},"rotation":{"x":0.14326788485050202,"y":0.8264684081077576,"z":-0.24293474853038789,"w":0.4873436689376831},"size":7.670949459075928,"orthographic":true}