{"cameraMode":{"drawMode":0,"name":"Shaded","section":"Shading Mode"},"sceneLighting":false,"audioPlay":false,"sceneViewState":{"m_AlwaysRefresh":true,"showFog":true,"showSkybox":true,"showFlares":true,"showImageEffects":true,"showParticleSystems":true,"showVisualEffectGraphs":true,"m_FxEnabled":true},"in2DMode":false,"pivot":{"x":-11.308000564575196,"y":1.4110000133514405,"z":2.569000005722046},"rotation":{"x":-0.004810246638953686,"y":0.9942440986633301,"z":-0.09423679113388062,"w":-0.05075046420097351},"size":0.21213208138942719,"orthographic":true}