{"cameraMode":{"drawMode":0,"name":"Shaded","section":"Shading Mode"},"sceneLighting":false,"audioPlay":false,"sceneViewState":{"m_AlwaysRefresh":true,"showFog":true,"showSkybox":true,"showFlares":true,"showImageEffects":true,"showParticleSystems":true,"showVisualEffectGraphs":true,"m_FxEnabled":true},"in2DMode":false,"pivot":{"x":-5.000096797943115,"y":0.917577862739563,"z":-23.59984588623047},"rotation":{"x":0.033984050154685977,"y":0.6960763931274414,"z":-0.033016741275787356,"w":0.7164142727851868},"size":2.7336690425872804,"orthographic":true}