{"cameraMode":{"drawMode":0,"name":"Shaded","section":"Shading Mode"},"sceneLighting":false,"audioPlay":false,"sceneViewState":{"m_AlwaysRefresh":true,"showFog":true,"showSkybox":false,"showFlares":true,"showImageEffects":true,"showParticleSystems":true,"showVisualEffectGraphs":true,"m_FxEnabled":true},"in2DMode":false,"pivot":{"x":-0.000053882598876953125,"y":2.5067803859710695,"z":-0.0003447532653808594},"rotation":{"x":0.4561784267425537,"y":-0.14693447947502137,"z":0.07666346430778504,"w":0.874319314956665},"size":8.062577247619629,"orthographic":true}