{"cameraMode":{"drawMode":0,"name":"Shaded","section":"Shading Mode"},"sceneLighting":false,"audioPlay":false,"sceneViewState":{"m_AlwaysRefresh":true,"showFog":true,"showSkybox":false,"showFlares":true,"showImageEffects":true,"showParticleSystems":true,"showVisualEffectGraphs":true,"m_FxEnabled":true},"in2DMode":false,"pivot":{"x":0.0003463625907897949,"y":2.3501038551330568,"z":0.7485451698303223},"rotation":{"x":0.4561784267425537,"y":-0.14693447947502137,"z":0.07666346430778504,"w":0.874319314956665},"size":4.694799900054932,"orthographic":true}