{"cameraMode":{"drawMode":0,"name":"Shaded","section":"Shading Mode"},"sceneLighting":false,"audioPlay":false,"sceneViewState":{"m_AlwaysRefresh":true,"showFog":true,"showSkybox":false,"showFlares":true,"showImageEffects":true,"showParticleSystems":true,"showVisualEffectGraphs":true,"m_FxEnabled":true},"in2DMode":false,"pivot":{"x":-0.0001405477523803711,"y":2.714688539505005,"z":0.0007832050323486328},"rotation":{"x":0.4561784267425537,"y":-0.14693447947502137,"z":0.07666346430778504,"w":0.874319314956665},"size":3.7233498096466066,"orthographic":true}