{"cameraMode":{"drawMode":0,"name":"Shaded","section":"Shading Mode"},"sceneLighting":true,"audioPlay":false,"sceneViewState":{"m_AlwaysRefresh":true,"showFog":true,"showSkybox":true,"showFlares":true,"showImageEffects":true,"showParticleSystems":true,"showVisualEffectGraphs":true,"m_FxEnabled":true},"in2DMode":false,"pivot":{"x":16.772823333740236,"y":0.23358848690986634,"z":5.252747058868408},"rotation":{"x":0.09852000325918198,"y":-0.7773104906082153,"z":0.12583564221858979,"w":0.6085135340690613},"size":2.534698963165283,"orthographic":false}