{"cameraMode":{"drawMode":0,"name":"Shaded","section":"Shading Mode"},"sceneLighting":true,"audioPlay":false,"sceneViewState":{"m_AlwaysRefresh":true,"showFog":true,"showSkybox":true,"showFlares":true,"showImageEffects":true,"showParticleSystems":true,"showVisualEffectGraphs":true,"m_FxEnabled":true},"in2DMode":false,"pivot":{"x":147.34658813476563,"y":35.250274658203128,"z":-115.17845153808594},"rotation":{"x":0.05181126296520233,"y":0.04941313713788986,"z":-0.0025667897425591947,"w":0.9974300861358643},"size":27.129392623901368,"orthographic":true}