{"cameraMode":{"drawMode":0,"name":"Shaded","section":"Shading Mode"},"sceneLighting":false,"audioPlay":false,"sceneViewState":{"m_AlwaysRefresh":true,"showFog":true,"showSkybox":false,"showFlares":true,"showImageEffects":true,"showParticleSystems":true,"showVisualEffectGraphs":true,"m_FxEnabled":true},"in2DMode":false,"pivot":{"x":0.00001895427703857422,"y":1.6888388395309449,"z":0.0011563301086425782},"rotation":{"x":0.4561784267425537,"y":-0.14693447947502137,"z":0.07666346430778504,"w":0.874319314956665},"size":3.591719388961792,"orthographic":true}