{"cameraMode":{"drawMode":0,"name":"Shaded","section":"Shading Mode"},"sceneLighting":false,"audioPlay":false,"sceneViewState":{"m_AlwaysRefresh":true,"showFog":true,"showSkybox":false,"showFlares":true,"showImageEffects":true,"showParticleSystems":true,"showVisualEffectGraphs":true,"m_FxEnabled":true},"in2DMode":false,"pivot":{"x":2.384185791015625e-7,"y":0.8558816313743591,"z":-0.02156531810760498},"rotation":{"x":-0.036571383476257327,"y":-0.9438327550888062,"z":0.11179593205451966,"w":-0.30880647897720339},"size":1.4160043001174927,"orthographic":true}