{"cameraMode":{"drawMode":0,"name":"Shaded","section":"Shading Mode"},"sceneLighting":true,"audioPlay":false,"sceneViewState":{"m_AlwaysRefresh":true,"showFog":true,"showSkybox":true,"showFlares":true,"showImageEffects":true,"showParticleSystems":true,"showVisualEffectGraphs":true,"m_FxEnabled":true},"in2DMode":false,"pivot":{"x":13.217838287353516,"y":9.341568946838379,"z":12.454233169555664},"rotation":{"x":0.17740410566329957,"y":0.20500189065933228,"z":-0.03781288117170334,"w":0.9618081450462341},"size":17.347963333129884,"orthographic":true}